"0","knitr::opts_chunk$set(echo = FALSE)"
"0","suppressPackageStartupMessages(suppressWarnings(library(data.table)))"
"0","suppressPackageStartupMessages(suppressWarnings(library(DT)))"
"0","suppressPackageStartupMessages(suppressWarnings(library(plotly)))"
"0","suppressPackageStartupMessages(suppressWarnings(library(leaflet)))"
"0","suppressPackageStartupMessages(suppressWarnings(library(raster)))"
"0","suppressPackageStartupMessages(suppressWarnings(library(shiny)))"
"0","suppressPackageStartupMessages(suppressWarnings(library(sqldf)))"
"0","suppressPackageStartupMessages(suppressWarnings(library(proto)))"
"0","suppressPackageStartupMessages(suppressWarnings(library(gsubfn)))"
"0","suppressPackageStartupMessages(suppressWarnings(library(RSQLite)))"
"0","suppressPackageStartupMessages(suppressWarnings(library(questionr)))"
"0","suppressPackageStartupMessages(suppressWarnings(library(ggplot2)))"
"0","suppressPackageStartupMessages(suppressWarnings(library(plyr)))"
"0","suppressPackageStartupMessages(suppressWarnings(library(dplyr)))"
"0","suppressPackageStartupMessages(suppressWarnings(library(ggrepel)))"
"0","suppressPackageStartupMessages(suppressWarnings(library(scales)))"
